{
  "Logistic Regression": {
    "accuracy": 0.8892,
    "precision": 0.9073,
    "recall": 0.8953,
    "f1_score": 0.9013,
    "roc_auc": 0.9615,
    "confusion_matrix": [
      [
        460,
        62
      ],
      [
        71,
        607
      ]
    ],
    "roc_curve": {
      "fpr": [
        0.0,
        0.0019157088122605363,
        0.005747126436781609,
        0.009578544061302681,
        0.013409961685823755,
        0.017241379310344827,
        0.022988505747126436,
        0.028735632183908046,
        0.032567049808429116,
        0.03639846743295019,
        0.040229885057471264,
        0.04980842911877394,
        0.05555555555555555,
        0.05938697318007663,
        0.06321839080459771,
        0.07088122605363985,
        0.07854406130268199,
        0.08237547892720307,
        0.08620689655172414,
        0.09003831417624521,
        0.09386973180076628,
        0.09770114942528736,
        0.10344827586206896,
        0.1111111111111111,
        0.11877394636015326,
        0.12260536398467432,
        0.12643678160919541,
        0.13026819923371646,
        0.13793103448275862,
        0.1475095785440613,
        0.16475095785440613,
        0.17049808429118773,
        0.1743295019157088,
        0.18582375478927204,
        0.210727969348659,
        0.21839080459770116,
        0.22988505747126436,
        0.2471264367816092,
        0.27011494252873564,
        0.2796934865900383,
        0.29693486590038315,
        0.3007662835249042,
        0.31226053639846746,
        0.32375478927203066,
        0.3390804597701149,
        0.3735632183908046,
        0.42337164750957856,
        0.4827586206896552,
        0.5057471264367817,
        0.5651340996168582
      ],
      "tpr": [
        0.0,
        0.5412979351032449,
        0.551622418879056,
        0.6194690265486725,
        0.6814159292035398,
        0.7153392330383481,
        0.7212389380530974,
        0.7477876106194691,
        0.7625368731563422,
        0.7743362831858407,
        0.7846607669616519,
        0.7905604719764012,
        0.8008849557522124,
        0.8097345132743363,
        0.8244837758112095,
        0.8303834808259587,
        0.8407079646017699,
        0.8436578171091446,
        0.8480825958702065,
        0.8525073746312685,
        0.8569321533923304,
        0.8628318584070797,
        0.8716814159292036,
        0.8849557522123894,
        0.8952802359882006,
        0.9011799410029498,
        0.9085545722713865,
        0.9144542772861357,
        0.9233038348082596,
        0.9277286135693216,
        0.9336283185840708,
        0.9365781710914455,
        0.93952802359882,
        0.943952802359882,
        0.9469026548672567,
        0.9513274336283186,
        0.9557522123893806,
        0.9587020648967551,
        0.9616519174041298,
        0.9646017699115044,
        0.9690265486725663,
        0.9734513274336283,
        0.9778761061946902,
        0.9808259587020649,
        0.9837758112094396,
        0.9867256637168141,
        0.9896755162241888,
        0.9926253687315634,
        0.995575221238938,
        0.9985250737463127
      ]
    }
  },
  "Decision Tree": {
    "accuracy": 0.8658,
    "precision": 0.9071,
    "recall": 0.8496,
    "f1_score": 0.8774,
    "roc_auc": 0.934,
    "confusion_matrix": [
      [
        463,
        59
      ],
      [
        102,
        576
      ]
    ],
    "roc_curve": {
      "fpr": [
        0.0,
        0.005747126436781609,
        0.007662835249042145,
        0.0210727969348659,
        0.022988505747126436,
        0.02490421455938697,
        0.02681992337164751,
        0.02681992337164751,
        0.02681992337164751,
        0.028735632183908046,
        0.028735632183908046,
        0.028735632183908046,
        0.034482758620689655,
        0.03639846743295019,
        0.0421455938697318,
        0.04597701149425287,
        0.04597701149425287,
        0.04597701149425287,
        0.04597701149425287,
        0.05172413793103448,
        0.05747126436781609,
        0.06130268199233716,
        0.06321839080459771,
        0.06321839080459771,
        0.06321839080459771,
        0.06513409961685823,
        0.07854406130268199,
        0.07854406130268199,
        0.0842911877394636,
        0.09003831417624521,
        0.09770114942528736,
        0.09961685823754789,
        0.09961685823754789,
        0.10344827586206896,
        0.1053639846743295,
        0.11302681992337164,
        0.13218390804597702,
        0.14367816091954022,
        0.14559386973180077,
        0.15900383141762453,
        0.16666666666666666,
        0.1724137931034483,
        0.18199233716475097,
        0.1896551724137931,
        0.1896551724137931,
        0.19923371647509577,
        0.2164750957854406,
        0.2260536398467433,
        0.23563218390804597,
        0.24521072796934865,
        0.24521072796934865,
        0.25287356321839083,
        0.26053639846743293,
        0.2624521072796935,
        0.28735632183908044,
        0.29310344827586204,
        0.29693486590038315,
        0.3160919540229885,
        0.31992337164750956,
        0.3314176245210728,
        0.36398467432950193,
        0.3888888888888889,
        0.40229885057471265,
        0.41954022988505746,
        1.0
      ],
      "tpr": [
        0.0,
        0.10471976401179942,
        0.5014749262536873,
        0.5693215339233039,
        0.5929203539823009,
        0.6017699115044248,
        0.6061946902654868,
        0.612094395280236,
        0.6150442477876106,
        0.6209439528023599,
        0.6283185840707964,
        0.6342182890855457,
        0.644542772861357,
        0.6740412979351033,
        0.6799410029498525,
        0.700589970501475,
        0.7035398230088495,
        0.7050147492625368,
        0.7094395280235988,
        0.7227138643067846,
        0.7492625368731564,
        0.7817109144542773,
        0.7831858407079646,
        0.7876106194690266,
        0.799410029498525,
        0.8023598820058997,
        0.8097345132743363,
        0.8200589970501475,
        0.8200589970501475,
        0.8259587020648967,
        0.8348082595870207,
        0.8362831858407079,
        0.8377581120943953,
        0.8407079646017699,
        0.8421828908554573,
        0.8495575221238938,
        0.8643067846607669,
        0.8716814159292036,
        0.8746312684365781,
        0.8761061946902655,
        0.8790560471976401,
        0.883480825958702,
        0.8849557522123894,
        0.8908554572271387,
        0.8923303834808259,
        0.8952802359882006,
        0.9026548672566371,
        0.9026548672566371,
        0.9070796460176991,
        0.9129793510324484,
        0.9174041297935103,
        0.9247787610619469,
        0.9277286135693216,
        0.9277286135693216,
        0.9351032448377581,
        0.9351032448377581,
        0.9380530973451328,
        0.9424778761061947,
        0.9542772861356932,
        0.9572271386430679,
        0.9631268436578171,
        0.967551622418879,
        0.9749262536873157,
        0.9749262536873157,
        1.0
      ]
    }
  },
  "Random Forest": {
    "accuracy": 0.8783,
    "precision": 0.8947,
    "recall": 0.8894,
    "f1_score": 0.892,
    "roc_auc": 0.9541,
    "confusion_matrix": [
      [
        451,
        71
      ],
      [
        75,
        603
      ]
    ],